Student_ID;Age;Gender;Marital_Status;Course_Chosen;Application_Mode;Residence_Location;Parental_Education;Parental_Income_Level;Employment_Status;Semester_Enrolled_Units;Semester_Credited_Units;Semester_Evaluated_Units;Semester_Approved_Units;Semester_Average_Grade;Dropout
STUD_1;21;Male;Single;Journalism;Online;Rural;High School;32600;Part-time;5;5;5;5;2.92;0
STUD_2;19;Male;Single;Education;Online;Urban;High School;51826;Unemployed;5;4;5;4;2.11;1
STUD_3;22;Female;Single;Design;Online;Suburban;High School;58601;Part-time;4;3;4;3;2.67;0
STUD_4;25;Other;Single;Technologies;In-person;Urban;High School;55348;Part-time;7;6;7;6;2.95;0
STUD_5;19;Male;Single;Journalism;Referral;Urban;Bachelor;73307;Unemployed;5;5;5;5;2.87;0
STUD_6;19;Female;Single;Technologies;Online;Urban;PhD;141622;Unemployed;7;5;7;7;3.75;0
STUD_7;25;Female;Single;Design;Online;Suburban;High School;114824;Part-time;7;6;7;7;3.72;0
STUD_8;22;Female;Single;Education;Online;Rural;Bachelor;27303;Part-time;8;6;8;8;3.02;0
STUD_9;18;Female;Single;Nursing;In-person;Urban;Bachelor;87146;Part-time;4;4;4;4;3.88;0
STUD_10;21;Female;Single;Education;Online;Urban;Master;133180;Unemployed;7;6;7;4;1.75;1
STUD_11;18;Female;Single;Nursing;Online;Urban;High School;75673;Part-time;4;2;4;4;3.05;1
STUD_12;18;Female;Single;Design;Online;Urban;High School;115461;Part-time;8;7;8;7;2.49;0
STUD_13;20;Female;Single;Education;Online;Urban;High School;150000;Part-time;4;3;4;4;2.84;0
STUD_14;18;Male;Married;Journalism;Online;Urban;Bachelor;110893;Part-time;5;4;5;3;1.63;1
STUD_15;18;Female;Single;Agronomy;Online;Suburban;Master;69681;Part-time;7;5;7;7;3.55;0
STUD_16;18;Female;Single;Journalism;Online;Urban;High School;112325;Unemployed;4;4;4;4;4.31;0
STUD_17;18;Female;Single;Technologies;In-person;Urban;High School;65449;Part-time;6;5;6;5;2.68;1
STUD_18;20;Other;Single;Journalism;Online;Rural;Master;60866;Unemployed;4;4;4;4;3.95;0
STUD_19;18;Female;Single;Design;Online;Urban;Master;48593;Part-time;7;7;7;6;2.84;0
STUD_20;18;Female;Single;Management;Online;Rural;PhD;150000;Employed;8;6;8;7;1.66;1
STUD_21;24;Male;Married;Technologies;Online;Urban;Bachelor;36718;Part-time;8;6;8;8;2.31;0
STUD_22;19;Male;Single;Education;Online;Rural;High School;150000;Unemployed;7;7;7;6;2.1;1
STUD_23;20;Male;Married;Technologies;Online;Suburban;Bachelor;80984;Part-time;5;4;5;5;2.87;1
STUD_24;18;Female;Single;Agronomy;Online;Suburban;Bachelor;25913;Unemployed;5;3;5;5;3.34;0
STUD_25;18;Female;Single;Nursing;Online;Rural;High School;74808;Part-time;8;7;8;8;3.04;0
STUD_26;20;Male;Single;Education;Online;Urban;Bachelor;20000;Unemployed;8;7;8;8;3.45;0
STUD_27;18;Male;Single;Social Service;Online;Rural;Bachelor;87326;Unemployed;7;6;7;6;2.73;0
STUD_28;21;Male;Single;Technologies;In-person;Urban;High School;102052;Employed;5;5;5;2;1.29;1
STUD_29;18;Male;Single;Education;Online;Urban;Bachelor;42053;Part-time;8;7;8;8;3.26;0
STUD_30;19;Female;Single;Education;In-person;Urban;Bachelor;64616;Part-time;5;5;5;2;1.56;1
STUD_31;18;Male;Single;Education;Online;Suburban;PhD;150000;Unemployed;8;8;8;7;2.06;0
STUD_32;26;Female;Married;Nursing;Online;Urban;High School;44296;Part-time;4;3;4;4;2.73;0
STUD_33;19;Female;Single;Social Service;Online;Suburban;High School;31785;Part-time;6;5;6;5;3;1
STUD_34;18;Female;Single;Design;Online;Suburban;Bachelor;145961;Part-time;4;3;4;4;3.94;0
STUD_35;22;Female;Single;Journalism;In-person;Suburban;High School;150000;Part-time;8;7;8;7;2.94;0
STUD_36;18;Female;Single;Education;Online;Suburban;Bachelor;60133;Part-time;6;6;6;5;2.88;0
STUD_37;20;Female;Single;Management;In-person;Urban;Bachelor;110081;Unemployed;6;5;6;6;2.57;0
STUD_38;18;Male;Single;Design;Online;Urban;High School;134186;Unemployed;8;7;8;7;2.79;0
STUD_39;18;Female;Married;Agronomy;Online;Urban;Bachelor;38430;Part-time;8;8;8;8;3.14;0
STUD_40;20;Male;Married;Nursing;Online;Urban;Bachelor;44842;Unemployed;5;3;5;2;1.32;1
STUD_41;22;Female;Single;Technologies;Online;Urban;High School;125570;Part-time;8;6;8;8;4.01;1
STUD_42;20;Female;Single;Nursing;Online;Urban;Master;150000;Unemployed;7;7;7;7;2.2;0
STUD_43;19;Female;Single;Technologies;Online;Urban;Master;84105;Part-time;8;6;8;8;3.02;0
STUD_44;19;Female;Single;Nursing;Online;Rural;Bachelor;35390;Part-time;7;7;7;4;1.77;1
STUD_45;18;Female;Single;Technologies;Online;Suburban;Bachelor;150000;Unemployed;8;7;8;6;0.68;0
STUD_46;18;Female;Single;Education;Online;Urban;Bachelor;43630;Unemployed;5;4;5;4;3.47;0
STUD_47;18;Female;Single;Journalism;Referral;Suburban;Master;49070;Unemployed;7;5;7;7;3.86;0
STUD_48;23;Other;Married;Technologies;In-person;Urban;Bachelor;73681;Part-time;4;3;4;4;3.17;0
STUD_49;21;Female;Single;Social Service;Online;Urban;Bachelor;150000;Part-time;7;5;7;6;2.71;0
STUD_50;18;Male;Single;Technologies;Online;Suburban;Master;100156;Unemployed;5;3;5;4;3.42;0
STUD_51;20;Female;Single;Management;Online;Urban;High School;76958;Part-time;7;6;7;6;3.17;0
STUD_52;18;Male;Divorced;Technologies;In-person;Urban;Master;79227;Unemployed;8;7;8;7;3.46;0
STUD_53;18;Male;Single;Management;Online;Rural;High School;61587;Part-time;8;6;8;8;2.69;0
STUD_54;21;Male;Single;Agronomy;Online;Rural;High School;83866;Part-time;5;4;5;5;2.51;0
STUD_55;23;Female;Single;Education;In-person;Suburban;High School;20000;Part-time;6;6;6;6;2.48;1
STUD_56;22;Female;Single;Management;Online;Suburban;PhD;50218;Part-time;8;7;8;8;3.3;0
STUD_57;18;Female;Single;Journalism;Online;Suburban;Master;69348;Unemployed;4;3;4;4;3.64;1
STUD_58;19;Male;Single;Design;Online;Urban;Bachelor;30076;Unemployed;5;5;5;5;5;0
STUD_59;21;Male;Single;Education;Online;Urban;Bachelor;75651;Unemployed;7;6;7;7;3.7;0
STUD_60;23;Male;Married;Management;Online;Urban;Bachelor;53072;Unemployed;7;6;7;6;3.4;1
STUD_61;18;Female;Single;Education;Online;Urban;Master;150000;Part-time;4;2;4;1;1.49;1
STUD_62;19;Male;Single;Social Service;Online;Suburban;Bachelor;150000;Unemployed;8;7;8;7;2.52;0
STUD_63;18;Male;Married;Education;Online;Urban;High School;45370;Part-time;5;4;5;4;2.1;1
STUD_64;18;Female;Single;Education;In-person;Rural;High School;54808;Unemployed;4;4;4;4;3.74;0
STUD_65;22;Female;Single;Agronomy;Online;Rural;Bachelor;57396;Unemployed;8;6;8;8;2.71;0
STUD_66;24;Male;Divorced;Journalism;Online;Suburban;Bachelor;45757;Part-time;5;3;5;4;2.8;1
STUD_67;19;Male;Single;Nursing;Online;Suburban;High School;67448;Employed;7;5;7;7;2.93;1
STUD_68;23;Male;Married;Nursing;In-person;Rural;High School;38068;Unemployed;5;4;5;4;2.52;0
STUD_69;21;Female;Single;Management;Online;Urban;Master;30446;Part-time;6;4;6;5;3.06;0
STUD_70;18;Male;Single;Education;Online;Suburban;High School;87179;Part-time;5;5;5;4;3.13;0
STUD_71;21;Female;Married;Management;In-person;Urban;Bachelor;87537;Part-time;6;4;6;5;3.07;1
STUD_72;25;Female;Single;Agronomy;In-person;Suburban;PhD;37030;Part-time;5;5;5;5;4.28;0
STUD_73;19;Female;Single;Agronomy;Online;Urban;High School;102673;Unemployed;6;4;6;6;4.67;0
STUD_74;25;Male;Single;Technologies;In-person;Rural;High School;41074;Unemployed;7;5;7;5;1.79;0
STUD_75;18;Male;Single;Social Service;Online;Rural;Bachelor;69842;Part-time;8;8;8;8;2.64;0
STUD_76;22;Female;Single;Agronomy;Online;Urban;Master;98155;Unemployed;6;4;6;6;4.08;0
STUD_77;20;Female;Single;Technologies;Online;Urban;Bachelor;58802;Part-time;6;4;6;6;3.61;0
STUD_78;19;Male;Single;Journalism;Online;Rural;PhD;78821;Unemployed;7;5;7;7;4.22;0
STUD_79;20;Female;Single;Management;Online;Urban;High School;44013;Unemployed;6;5;6;5;3.21;1
STUD_80;18;Male;Single;Design;Online;Rural;Bachelor;53328;Part-time;4;4;4;3;2.51;0
STUD_81;19;Female;Married;Journalism;Online;Suburban;Bachelor;53028;Unemployed;7;5;7;7;4.21;0
STUD_82;21;Female;Single;Agronomy;Online;Urban;Master;38336;Part-time;4;4;4;3;3.48;0
STUD_83;24;Female;Married;Journalism;In-person;Urban;High School;53961;Part-time;7;7;7;7;4.29;0
STUD_84;18;Female;Single;Journalism;Online;Urban;Master;23692;Part-time;6;6;6;5;2.28;1
STUD_85;18;Male;Single;Social Service;Online;Suburban;Bachelor;44685;Part-time;4;2;4;4;2.89;0
STUD_86;18;Female;Single;Social Service;Online;Urban;High School;50573;Part-time;6;4;6;6;3.96;0
STUD_87;22;Female;Single;Social Service;In-person;Suburban;High School;51451;Part-time;7;7;7;7;3.14;0
STUD_88;21;Male;Single;Journalism;Online;Urban;Master;51906;Part-time;6;5;6;6;3.35;0
STUD_89;18;Female;Single;Agronomy;Referral;Suburban;High School;57817;Unemployed;4;4;4;4;2.98;0
STUD_90;21;Female;Single;Design;Online;Rural;High School;79998;Unemployed;4;3;4;4;2.39;1
STUD_91;20;Male;Single;Education;Online;Rural;High School;101398;Unemployed;6;6;6;5;3.43;0
STUD_92;23;Male;Married;Journalism;Online;Urban;Master;40629;Unemployed;5;5;5;5;2.72;0
STUD_93;18;Female;Single;Technologies;Online;Suburban;Bachelor;29149;Part-time;7;7;7;7;2.21;0
STUD_94;19;Male;Single;Agronomy;Online;Suburban;Bachelor;32108;Part-time;7;5;7;7;3.75;0
STUD_95;18;Male;Single;Journalism;In-person;Suburban;High School;44791;Part-time;6;5;6;6;4.32;0
STUD_96;18;Female;Single;Design;Online;Rural;Bachelor;48579;Unemployed;5;4;5;5;2.43;1
STUD_97;20;Female;Single;Education;Online;Urban;Bachelor;37801;Part-time;4;4;4;3;2.09;1
STUD_98;20;Male;Single;Social Service;In-person;Urban;Master;27568;Unemployed;8;6;8;7;3.02;0
STUD_99;20;Male;Single;Agronomy;Online;Rural;Master;45634;Part-time;8;6;8;7;2.82;0
STUD_100;19;Female;Single;Nursing;In-person;Urban;High School;66900;Part-time;6;5;6;6;3.82;0
STUD_101;18;Male;Single;Education;Online;Suburban;Bachelor;85743;Unemployed;5;3;5;4;2.09;0
STUD_102;18;Male;Single;Technologies;Online;Rural;High School;42943;Unemployed;5;4;5;5;2.29;0
STUD_103;18;Female;Single;Journalism;Online;Urban;Bachelor;46831;Unemployed;7;6;7;6;3.4;0
STUD_104;18;Female;Single;Design;Online;Rural;High School;34409;Part-time;4;3;4;4;3.31;0
STUD_105;19;Female;Single;Nursing;In-person;Urban;High School;58878;Part-time;5;3;5;5;4.12;0
STUD_106;21;Male;Single;Design;Online;Suburban;High School;36063;Part-time;8;7;8;7;2.16;1
STUD_107;26;Female;Single;Nursing;Online;Suburban;Bachelor;84624;Unemployed;4;3;4;4;3.52;0
STUD_108;20;Male;Single;Agronomy;Online;Rural;High School;20549;Unemployed;4;4;4;2;1.98;1
STUD_109;20;Male;Single;Nursing;Online;Urban;Bachelor;48354;Part-time;6;5;6;5;2.98;1
STUD_110;19;Male;Single;Technologies;In-person;Urban;High School;71880;Part-time;5;4;5;4;2.91;0
STUD_111;18;Female;Single;Technologies;Online;Suburban;High School;66996;Unemployed;6;6;6;6;3.84;0
STUD_112;19;Male;Single;Management;Online;Suburban;Bachelor;150000;Unemployed;5;5;5;5;3.61;0
STUD_113;20;Female;Single;Technologies;Referral;Suburban;High School;74011;Part-time;7;5;7;7;3.75;0
STUD_114;28;Male;Married;Education;Online;Urban;High School;32848;Employed;6;5;6;6;2.13;0
STUD_115;19;Female;Single;Nursing;In-person;Urban;Bachelor;56659;Unemployed;6;4;6;6;3.91;0
STUD_116;20;Female;Single;Technologies;Online;Urban;High School;20668;Unemployed;8;6;8;8;5;0
STUD_117;19;Male;Single;Agronomy;Online;Suburban;High School;57167;Part-time;6;6;6;4;1.18;0
STUD_118;18;Female;Single;Design;Online;Urban;High School;36397;Part-time;5;3;5;4;2.26;0
STUD_119;23;Female;Single;Social Service;Online;Urban;Master;103915;Employed;8;7;8;7;2.7;0
STUD_120;22;Male;Married;Design;Referral;Rural;Bachelor;43147;Part-time;6;6;6;3;1.63;1
STUD_121;22;Male;Single;Management;Online;Urban;Bachelor;55940;Part-time;6;5;6;5;3.15;1
STUD_122;18;Male;Single;Design;Online;Rural;Bachelor;40976;Unemployed;7;6;7;5;1.98;0
STUD_123;24;Male;Married;Nursing;Online;Suburban;High School;150000;Part-time;6;6;6;6;2.65;0
STUD_124;18;Female;Single;Management;Online;Suburban;High School;49481;Unemployed;4;3;4;4;2.96;0
STUD_125;21;Female;Single;Nursing;Online;Urban;Bachelor;150000;Part-time;8;8;8;8;3.32;0
STUD_126;27;Female;Single;Agronomy;Referral;Urban;High School;97791;Employed;4;3;4;3;2.45;1
STUD_127;18;Female;Single;Management;Online;Suburban;High School;80124;Unemployed;8;8;8;7;2.64;0
STUD_128;18;Male;Single;Journalism;Online;Suburban;High School;74857;Unemployed;7;5;7;7;3.12;0
STUD_129;20;Male;Single;Education;Online;Suburban;High School;75991;Unemployed;6;5;6;5;1.56;1
STUD_130;18;Female;Single;Education;Online;Urban;PhD;20000;Unemployed;6;6;6;6;3.39;0
STUD_131;18;Female;Single;Nursing;Online;Suburban;High School;50755;Unemployed;6;5;6;5;2.6;0
STUD_132;20;Male;Single;Design;Online;Suburban;Bachelor;99627;Employed;8;7;8;6;1.91;0
STUD_133;18;Female;Single;Social Service;In-person;Suburban;High School;58265;Unemployed;6;5;6;5;3.48;0
STUD_134;21;Male;Single;Social Service;Online;Suburban;PhD;25822;Part-time;4;4;4;4;2.76;0
STUD_135;18;Female;Single;Journalism;Online;Suburban;High School;58142;Part-time;6;4;6;5;2.57;1
STUD_136;25;Male;Married;Management;Online;Suburban;High School;150000;Employed;7;5;7;7;2.54;0
STUD_137;18;Female;Single;Journalism;In-person;Urban;Bachelor;126783;Part-time;4;2;4;3;2.38;0
STUD_138;19;Male;Single;Journalism;Online;Urban;Bachelor;57808;Part-time;6;6;6;6;3.7;0
STUD_139;22;Male;Single;Design;Online;Urban;High School;106188;Unemployed;6;4;6;5;2.58;0
STUD_140;18;Male;Single;Social Service;Online;Urban;High School;48155;Unemployed;5;5;5;4;3.03;1
STUD_141;20;Male;Single;Management;Online;Urban;High School;21585;Unemployed;8;7;8;8;2.9;0
STUD_142;24;Male;Married;Agronomy;Online;Urban;High School;34455;Part-time;4;3;4;3;2.36;1
STUD_143;18;Male;Single;Design;Online;Urban;High School;150000;Part-time;5;3;5;4;2.13;0
STUD_144;20;Female;Single;Journalism;Online;Urban;Bachelor;50904;Unemployed;7;7;7;6;3.11;0
STUD_145;20;Male;Single;Journalism;Online;Suburban;High School;51847;Unemployed;8;7;8;7;2.6;1
STUD_146;22;Male;Single;Agronomy;In-person;Rural;High School;50121;Part-time;4;4;4;3;3.35;0
STUD_147;18;Female;Single;Journalism;In-person;Urban;Bachelor;150000;Unemployed;6;6;6;3;1.1;1
STUD_148;18;Male;Single;Journalism;Online;Rural;PhD;150000;Part-time;4;3;4;4;4.63;0
STUD_149;21;Male;Single;Journalism;Online;Suburban;Bachelor;150000;Part-time;6;6;6;6;2.89;0
STUD_150;20;Male;Single;Education;Online;Urban;High School;54539;Part-time;8;7;8;8;3.68;0
STUD_151;20;Female;Single;Design;Online;Urban;High School;71644;Part-time;6;5;6;6;3.34;0
STUD_152;21;Female;Single;Technologies;Online;Suburban;PhD;24151;Part-time;7;6;7;7;3.89;0
STUD_153;18;Other;Single;Design;Online;Suburban;High School;145547;Part-time;6;6;6;6;3.8;0
STUD_154;20;Male;Single;Agronomy;Online;Suburban;High School;29775;Part-time;7;6;7;5;1.79;0
STUD_155;20;Female;Single;Journalism;In-person;Urban;Bachelor;68334;Part-time;8;8;8;8;2.51;0
STUD_156;18;Male;Single;Design;Online;Urban;Bachelor;31061;Unemployed;8;7;8;8;2.68;0
STUD_157;26;Male;Single;Education;Online;Urban;Bachelor;42141;Unemployed;4;3;4;3;3.46;1
STUD_158;21;Female;Single;Social Service;In-person;Urban;High School;36306;Unemployed;7;5;7;7;2.88;0
STUD_159;18;Male;Single;Agronomy;Online;Urban;High School;41663;Unemployed;7;5;7;7;3.41;0
STUD_160;22;Female;Single;Nursing;Online;Urban;PhD;43417;Part-time;5;3;5;5;3.66;0
STUD_161;18;Female;Single;Design;Online;Suburban;High School;43180;Part-time;5;5;5;5;3.57;0
STUD_162;22;Female;Single;Nursing;Online;Rural;Bachelor;98923;Unemployed;5;5;5;4;3.1;1
STUD_163;23;Male;Single;Journalism;In-person;Urban;Bachelor;30920;Unemployed;6;5;6;4;1.88;1
STUD_164;18;Female;Single;Education;Online;Rural;Bachelor;68488;Employed;5;4;5;5;3.58;0
STUD_165;23;Female;Married;Education;Online;Urban;High School;124601;Unemployed;7;6;7;6;2.28;1
STUD_166;21;Female;Single;Design;In-person;Urban;High School;44098;Part-time;6;5;6;6;2.23;1
STUD_167;22;Female;Married;Agronomy;In-person;Urban;Bachelor;39001;Part-time;8;8;8;8;3.61;0
STUD_168;26;Male;Single;Agronomy;In-person;Suburban;Master;52249;Part-time;4;3;4;4;3.41;1
STUD_169;19;Female;Single;Education;Online;Rural;Master;121775;Unemployed;5;4;5;5;3.22;1
STUD_170;18;Female;Single;Agronomy;Online;Suburban;High School;67411;Unemployed;8;6;8;8;2.51;0
STUD_171;18;Male;Single;Education;Referral;Urban;High School;43624;Unemployed;7;6;7;7;5;0
STUD_172;18;Female;Single;Design;In-person;Suburban;Master;80211;Part-time;4;3;4;4;3.86;0
STUD_173;19;Female;Single;Technologies;Online;Urban;Bachelor;30968;Part-time;8;7;8;8;3.67;0
STUD_174;21;Female;Single;Education;Online;Rural;Master;90302;Unemployed;4;4;4;4;2.39;0
STUD_175;20;Female;Single;Nursing;Online;Suburban;High School;76669;Part-time;5;3;5;5;2.57;0
STUD_176;22;Female;Divorced;Agronomy;In-person;Urban;Bachelor;49881;Part-time;7;6;7;6;2.94;0
STUD_177;20;Female;Married;Education;Online;Suburban;Bachelor;36277;Unemployed;4;3;4;3;3.43;1
STUD_178;24;Female;Married;Education;Online;Suburban;Bachelor;35245;Part-time;8;6;8;8;3.7;0
STUD_179;19;Male;Single;Design;Online;Urban;High School;82701;Part-time;5;4;5;4;3.22;0
STUD_180;30;Female;Married;Agronomy;Online;Suburban;High School;125428;Part-time;5;5;5;4;3.2;0
STUD_181;21;Male;Single;Technologies;In-person;Urban;Bachelor;40933;Unemployed;8;7;8;8;2.44;0
STUD_182;18;Male;Single;Design;Online;Suburban;High School;78994;Part-time;8;8;8;7;1.78;1
STUD_183;18;Female;Single;Technologies;In-person;Suburban;Bachelor;20000;Part-time;4;4;4;4;3.51;0
STUD_184;21;Male;Single;Social Service;Referral;Suburban;PhD;42248;Part-time;6;5;6;6;2.8;0
STUD_185;19;Female;Single;Design;Online;Suburban;High School;58892;Part-time;5;3;5;4;1.25;1
STUD_186;22;Male;Single;Agronomy;Online;Suburban;Master;34762;Part-time;4;4;4;4;2.73;0
STUD_187;21;Female;Single;Management;Online;Urban;High School;34207;Unemployed;8;6;8;8;4;0
STUD_188;19;Female;Single;Agronomy;In-person;Suburban;Bachelor;40192;Part-time;4;3;4;4;3.76;0
STUD_189;18;Female;Single;Agronomy;Online;Urban;PhD;71497;Part-time;8;8;8;7;2.28;0
STUD_190;18;Other;Single;Technologies;Online;Urban;High School;53621;Unemployed;7;6;7;7;2.09;1
STUD_191;18;Female;Married;Technologies;In-person;Urban;High School;20000;Part-time;8;6;8;8;2.74;0
STUD_192;22;Male;Single;Agronomy;Online;Urban;High School;20000;Part-time;8;7;8;8;3.09;0
STUD_193;20;Female;Single;Agronomy;In-person;Suburban;High School;41688;Unemployed;8;7;8;7;1.58;1
STUD_194;18;Male;Single;Agronomy;Online;Urban;Bachelor;78961;Part-time;6;6;6;4;1.22;0
STUD_195;20;Female;Single;Technologies;Online;Suburban;Master;20000;Unemployed;8;7;8;8;3.8;0
STUD_196;21;Male;Single;Agronomy;Online;Urban;High School;44456;Unemployed;5;4;5;4;3.42;0
STUD_197;18;Female;Single;Agronomy;In-person;Urban;High School;43754;Unemployed;5;4;5;5;2.14;0
STUD_198;20;Female;Single;Social Service;Online;Suburban;High School;138012;Part-time;4;4;4;4;3.17;0
STUD_199;20;Female;Single;Journalism;In-person;Urban;Bachelor;47623;Part-time;6;4;6;6;2.41;0
STUD_200;18;Female;Single;Management;In-person;Urban;High School;75500;Unemployed;4;2;4;2;1.38;0
STUD_201;21;Male;Single;Nursing;Online;Suburban;Bachelor;65306;Part-time;5;4;5;4;3.44;0
STUD_202;21;Female;Single;Management;Referral;Urban;Bachelor;20000;Unemployed;5;5;5;5;3.54;0
STUD_203;23;Male;Divorced;Journalism;Online;Suburban;Bachelor;95132;Employed;7;6;7;7;4.57;0
STUD_204;23;Female;Single;Nursing;Online;Urban;High School;68277;Part-time;8;6;8;7;3.26;0
STUD_205;18;Female;Single;Design;Online;Urban;Bachelor;81394;Unemployed;5;5;5;5;3.48;0
STUD_206;18;Female;Single;Agronomy;In-person;Suburban;High School;150000;Part-time;4;2;4;2;1.38;1
STUD_207;21;Female;Single;Journalism;Online;Urban;High School;20000;Unemployed;4;2;4;3;3.38;0
STUD_208;21;Male;Single;Social Service;Online;Urban;Master;150000;Unemployed;8;8;8;8;4.2;0
STUD_209;21;Female;Single;Design;Online;Urban;Bachelor;50495;Part-time;8;8;8;8;2.81;0
STUD_210;30;Female;Divorced;Agronomy;Online;Urban;High School;71288;Employed;7;6;7;6;2.83;1
STUD_211;21;Male;Single;Technologies;Online;Suburban;High School;58383;Unemployed;6;5;6;6;2.9;0
STUD_212;23;Male;Single;Education;In-person;Urban;High School;46516;Unemployed;4;2;4;3;3.45;0
STUD_213;23;Female;Divorced;Journalism;In-person;Suburban;High School;42625;Part-time;8;8;8;8;2.21;0
STUD_214;22;Female;Single;Technologies;Online;Rural;High School;73116;Part-time;4;4;4;3;3.05;0
STUD_215;19;Male;Single;Journalism;Referral;Urban;High School;24144;Unemployed;8;7;8;8;2.95;0
STUD_216;22;Female;Single;Social Service;Online;Rural;Bachelor;94131;Part-time;5;3;5;5;3.39;0
STUD_217;18;Female;Single;Journalism;Referral;Urban;Bachelor;46741;Employed;4;2;4;4;3;1
STUD_218;19;Female;Single;Technologies;Online;Rural;Bachelor;30456;Part-time;5;4;5;5;3.63;0
STUD_219;18;Male;Single;Social Service;Online;Urban;Bachelor;45802;Unemployed;4;4;4;3;2.15;1
STUD_220;20;Male;Single;Nursing;Online;Suburban;High School;127566;Unemployed;6;5;6;6;3.5;0
STUD_221;28;Female;Single;Management;In-person;Urban;PhD;43516;Part-time;7;6;7;7;3.79;1
STUD_222;18;Female;Single;Agronomy;Online;Urban;Master;74397;Part-time;5;4;5;4;2.12;1
STUD_223;22;Female;Single;Journalism;Online;Suburban;Master;38697;Unemployed;8;7;8;8;3.68;0
STUD_224;18;Male;Single;Agronomy;Online;Suburban;Master;94547;Unemployed;6;6;6;6;3.33;0
STUD_225;18;Female;Married;Education;Online;Urban;Master;90527;Part-time;4;3;4;4;3.02;0
STUD_226;23;Female;Single;Technologies;Online;Urban;Bachelor;150000;Part-time;5;5;5;4;2.34;1
STUD_227;20;Male;Single;Agronomy;Online;Suburban;High School;54001;Part-time;4;3;4;4;3.79;0
STUD_228;18;Female;Single;Technologies;In-person;Suburban;Bachelor;89616;Unemployed;4;2;4;2;1.68;0
STUD_229;18;Male;Single;Agronomy;Online;Rural;Bachelor;63636;Part-time;4;4;4;4;4.04;1
STUD_230;22;Female;Single;Management;Online;Suburban;Bachelor;130564;Part-time;7;5;7;6;3.44;0
STUD_231;18;Female;Married;Management;Online;Rural;Bachelor;38979;Part-time;7;6;7;7;3.85;0
STUD_232;20;Female;Single;Social Service;In-person;Suburban;High School;93817;Employed;8;7;8;7;3.04;0
STUD_233;20;Male;Single;Management;In-person;Urban;High School;53384;Unemployed;5;4;5;5;3.51;0
STUD_234;18;Male;Single;Social Service;Online;Urban;Master;57733;Part-time;6;6;6;5;3.36;0
STUD_235;27;Male;Single;Management;Online;Suburban;Bachelor;63395;Employed;6;4;6;6;2.22;1
STUD_236;21;Female;Single;Management;Online;Suburban;Bachelor;69803;Part-time;6;6;6;5;2.94;0
STUD_237;18;Male;Single;Management;Online;Urban;High School;55958;Unemployed;4;4;4;4;3.5;0
STUD_238;20;Female;Single;Technologies;In-person;Urban;High School;68249;Unemployed;7;6;7;7;2.49;0
STUD_239;18;Female;Single;Journalism;Online;Rural;Master;150000;Unemployed;5;3;5;4;2.57;0
STUD_240;22;Male;Single;Social Service;Online;Suburban;Bachelor;108376;Unemployed;4;3;4;4;2.48;0
STUD_241;18;Female;Single;Agronomy;Online;Urban;Bachelor;101072;Unemployed;7;7;7;6;3.34;0
STUD_242;19;Female;Single;Management;In-person;Urban;Bachelor;45650;Part-time;7;6;7;6;2.54;0
STUD_243;21;Female;Single;Technologies;Online;Urban;Bachelor;35191;Unemployed;5;3;5;4;2.01;0
STUD_244;22;Female;Single;Technologies;Online;Urban;High School;106433;Unemployed;5;4;5;5;3.54;0
STUD_245;18;Female;Single;Technologies;Online;Urban;Bachelor;101491;Part-time;5;3;5;4;1.5;1
STUD_246;19;Male;Single;Social Service;In-person;Urban;High School;145176;Part-time;4;2;4;4;3.74;0
STUD_247;18;Female;Single;Journalism;Online;Suburban;High School;41760;Part-time;8;7;8;8;2.36;1
STUD_248;18;Male;Single;Social Service;Online;Urban;Bachelor;52280;Part-time;5;5;5;5;3.86;0
STUD_249;26;Male;Married;Agronomy;Online;Suburban;Master;22435;Part-time;8;7;8;7;2.87;0
STUD_250;21;Female;Single;Journalism;Online;Rural;High School;47411;Part-time;4;4;4;4;4;0
STUD_251;18;Female;Single;Nursing;Online;Urban;Master;109102;Part-time;8;8;8;8;3.4;0
STUD_252;22;Female;Single;Design;Online;Suburban;High School;45351;Unemployed;6;5;6;5;2.76;1
STUD_253;27;Male;Single;Technologies;Online;Urban;High School;88114;Employed;8;8;8;8;3.15;1
STUD_254;23;Female;Single;Social Service;Online;Rural;High School;53519;Employed;5;5;5;4;2.81;0
STUD_255;18;Male;Single;Nursing;Online;Urban;High School;72877;Unemployed;4;3;4;3;2.96;0
STUD_256;18;Female;Single;Education;In-person;Suburban;Bachelor;30136;Unemployed;5;4;5;4;3.39;0
STUD_257;24;Male;Single;Social Service;Online;Suburban;High School;63147;Unemployed;6;5;6;5;2.05;1
STUD_258;18;Female;Single;Management;Referral;Urban;Bachelor;20000;Unemployed;5;5;5;5;3.85;0
STUD_259;21;Female;Single;Design;Online;Urban;Master;53635;Unemployed;5;3;5;5;3.67;0
STUD_260;22;Male;Single;Management;Online;Suburban;High School;22557;Part-time;5;5;5;3;1.53;1
STUD_261;18;Male;Single;Journalism;Online;Suburban;Bachelor;123710;Unemployed;7;5;7;7;2.22;1
STUD_262;19;Female;Single;Design;Online;Urban;High School;95658;Part-time;6;5;6;5;3.03;0
STUD_263;18;Male;Single;Social Service;Online;Suburban;Bachelor;79387;Part-time;5;3;5;5;4.35;0
STUD_264;18;Female;Single;Agronomy;Online;Urban;High School;149447;Part-time;5;4;5;5;2.72;0
STUD_265;19;Male;Single;Nursing;Online;Suburban;High School;33953;Part-time;5;4;5;5;4.08;0
STUD_266;18;Male;Single;Agronomy;In-person;Urban;High School;150000;Unemployed;4;2;4;2;1.99;0
STUD_267;25;Female;Widowed;Social Service;Online;Rural;High School;104968;Part-time;7;6;7;6;2.43;0
STUD_268;18;Female;Married;Journalism;In-person;Urban;High School;52060;Part-time;4;2;4;4;2.45;1
STUD_269;18;Female;Single;Management;Online;Urban;Bachelor;118595;Part-time;7;6;7;6;2.79;0
STUD_270;20;Female;Married;Design;Online;Urban;Master;30894;Part-time;5;5;5;5;2.01;0
STUD_271;24;Male;Married;Agronomy;Online;Urban;Master;36584;Part-time;6;6;6;6;2.82;0
STUD_272;18;Female;Single;Social Service;Online;Suburban;Bachelor;41645;Part-time;8;7;8;8;2.13;0
STUD_273;23;Female;Single;Agronomy;Online;Urban;High School;43682;Unemployed;8;7;8;8;4.56;0
STUD_274;20;Male;Single;Social Service;Online;Suburban;High School;31830;Part-time;5;3;5;4;2.72;1
STUD_275;18;Other;Single;Management;Online;Urban;High School;124985;Employed;4;4;4;2;1.73;0
STUD_276;21;Female;Single;Design;Online;Urban;High School;51368;Unemployed;6;4;6;6;3.64;0
STUD_277;20;Female;Single;Nursing;Online;Urban;Bachelor;74132;Part-time;7;6;7;7;3.17;1
STUD_278;18;Female;Single;Management;In-person;Urban;Bachelor;42611;Unemployed;5;4;5;4;2.76;0
STUD_279;20;Female;Single;Agronomy;In-person;Urban;High School;20125;Unemployed;6;4;6;6;4.22;1
STUD_280;18;Male;Single;Nursing;In-person;Urban;High School;70554;Part-time;6;5;6;3;1.91;1
STUD_281;20;Female;Single;Social Service;In-person;Urban;Master;20000;Part-time;7;7;7;6;2.29;1
STUD_282;22;Male;Single;Nursing;Online;Urban;Bachelor;57579;Part-time;6;4;6;5;3.13;0
STUD_283;25;Female;Divorced;Social Service;Online;Suburban;High School;26399;Part-time;4;4;4;4;3.51;1
STUD_284;18;Male;Single;Management;In-person;Suburban;Master;150000;Part-time;4;4;4;2;1.93;1
STUD_285;27;Male;Married;Agronomy;Online;Urban;PhD;103664;Employed;4;4;4;4;2.93;0
STUD_286;18;Male;Single;Journalism;Online;Urban;High School;63930;Employed;6;4;6;5;2.42;0
STUD_287;19;Female;Single;Agronomy;Online;Rural;High School;128068;Unemployed;4;3;4;3;2.23;1
STUD_288;21;Female;Single;Social Service;Online;Suburban;Bachelor;36109;Employed;7;7;7;6;3.3;1
STUD_289;20;Female;Single;Technologies;Online;Suburban;Master;83132;Unemployed;6;6;6;5;2.94;0
STUD_290;18;Male;Single;Design;In-person;Urban;Master;67642;Part-time;8;8;8;7;2.76;0
STUD_291;19;Male;Single;Education;Online;Suburban;High School;70298;Unemployed;6;5;6;5;3.22;1
STUD_292;18;Male;Single;Journalism;Online;Suburban;High School;128735;Unemployed;7;6;7;7;2.76;0
STUD_293;18;Male;Single;Nursing;Referral;Suburban;Bachelor;93115;Unemployed;8;6;8;7;2.14;1
STUD_294;22;Male;Single;Journalism;Online;Rural;Bachelor;71348;Part-time;6;5;6;6;4.38;1
STUD_295;21;Female;Single;Design;Online;Urban;High School;22229;Unemployed;4;2;4;4;3.66;0
STUD_296;18;Male;Single;Nursing;Online;Urban;Master;33727;Unemployed;5;3;5;4;3.13;0
STUD_297;22;Female;Single;Design;Online;Suburban;Bachelor;55741;Part-time;5;3;5;4;2.45;1
STUD_298;20;Female;Single;Nursing;In-person;Suburban;Master;63457;Part-time;4;2;4;4;2.33;0
STUD_299;22;Female;Single;Journalism;Online;Urban;Master;30454;Unemployed;5;3;5;5;4.16;0
STUD_300;21;Female;Single;Nursing;In-person;Urban;Bachelor;150000;Unemployed;5;5;5;4;3.01;1
STUD_301;18;Female;Single;Nursing;Online;Urban;High School;149034;Unemployed;4;3;4;4;3.06;0
STUD_302;18;Male;Single;Technologies;In-person;Urban;Bachelor;86109;Unemployed;4;4;4;3;2.89;0
STUD_303;22;Female;Single;Agronomy;In-person;Suburban;High School;62650;Part-time;6;4;6;6;3.52;0
STUD_304;21;Male;Single;Agronomy;In-person;Suburban;Bachelor;52826;Part-time;6;5;6;5;2.47;0
STUD_305;19;Female;Single;Education;Online;Urban;High School;33892;Part-time;4;4;4;3;2.4;0
STUD_306;20;Female;Single;Education;Referral;Urban;Bachelor;62855;Unemployed;7;7;7;6;2.82;1
STUD_307;24;Female;Widowed;Social Service;Online;Urban;High School;70035;Employed;5;3;5;5;2.62;0
STUD_308;18;Female;Single;Social Service;Online;Urban;High School;28482;Part-time;6;6;6;6;3.08;1
STUD_309;21;Male;Married;Social Service;In-person;Suburban;High School;73321;Part-time;5;5;5;5;2.55;0
STUD_310;19;Female;Single;Technologies;Online;Rural;High School;54663;Part-time;8;8;8;8;3.67;0
STUD_311;19;Male;Single;Education;In-person;Suburban;Bachelor;20000;Part-time;4;4;4;4;3.32;0
STUD_312;23;Female;Married;Design;Online;Urban;Bachelor;35805;Part-time;7;7;7;6;2.27;1
STUD_313;22;Male;Single;Social Service;Online;Rural;Bachelor;46813;Unemployed;8;6;8;8;2.45;0
STUD_314;22;Male;Single;Social Service;Online;Suburban;High School;150000;Employed;8;6;8;7;3.21;1
STUD_315;24;Male;Married;Journalism;Online;Suburban;High School;83786;Part-time;8;8;8;7;2.41;1
STUD_316;20;Female;Single;Management;Online;Urban;High School;26925;Part-time;4;2;4;3;2.98;1
STUD_317;22;Female;Single;Design;Online;Urban;High School;80315;Unemployed;6;4;6;6;3;0
STUD_318;19;Female;Single;Social Service;Online;Urban;Master;23711;Part-time;4;3;4;4;4.32;0
STUD_319;20;Male;Single;Social Service;Online;Urban;High School;114888;Part-time;6;6;6;6;3.44;0
STUD_320;19;Female;Single;Social Service;Online;Urban;High School;45225;Unemployed;8;6;8;5;1.26;0
STUD_321;20;Female;Single;Management;Online;Urban;High School;56722;Unemployed;8;6;8;8;4.08;0
STUD_322;21;Male;Single;Management;Online;Urban;High School;132929;Part-time;7;7;7;7;2.91;0
STUD_323;18;Female;Single;Technologies;Online;Suburban;Bachelor;27717;Part-time;6;5;6;6;2.09;1
STUD_324;27;Male;Single;Design;Online;Urban;Bachelor;25947;Employed;8;8;8;6;1.32;0
STUD_325;18;Female;Single;Technologies;In-person;Urban;High School;42274;Unemployed;5;4;5;5;3.47;1
STUD_326;18;Female;Single;Nursing;In-person;Rural;High School;111873;Part-time;7;7;7;7;3.69;0
STUD_327;23;Male;Single;Management;Online;Rural;High School;24112;Unemployed;4;4;4;4;2.07;1
STUD_328;22;Female;Single;Journalism;Online;Suburban;High School;20000;Unemployed;7;7;7;7;4.47;1
STUD_329;21;Male;Single;Education;In-person;Rural;High School;45770;Unemployed;5;5;5;4;2.76;0
STUD_330;21;Female;Single;Journalism;Online;Suburban;PhD;83545;Unemployed;6;5;6;5;3.06;0
STUD_331;19;Female;Single;Education;Online;Rural;Bachelor;123285;Unemployed;4;3;4;4;2.69;0
STUD_332;18;Male;Single;Management;Online;Urban;Bachelor;45442;Unemployed;4;2;4;1;1.62;1
STUD_333;20;Male;Single;Management;In-person;Urban;High School;46875;Unemployed;6;6;6;5;3.33;0
STUD_334;18;Male;Single;Management;Online;Urban;High School;119903;Unemployed;7;6;7;7;2.1;0
STUD_335;23;Female;Single;Technologies;Online;Urban;Bachelor;20000;Part-time;8;7;8;8;3.75;0
STUD_336;19;Male;Single;Design;Referral;Urban;Bachelor;47523;Part-time;7;6;7;7;3.99;0
STUD_337;18;Female;Single;Education;In-person;Suburban;Bachelor;67262;Unemployed;5;5;5;4;3.26;0
STUD_338;19;Female;Single;Design;Online;Suburban;High School;78561;Part-time;8;6;8;7;3.11;1
STUD_339;21;Male;Single;Technologies;Online;Suburban;Bachelor;44188;Unemployed;7;6;7;7;3.81;0
STUD_340;18;Female;Single;Technologies;In-person;Urban;High School;61252;Part-time;6;6;6;4;0.9;1
STUD_341;18;Male;Single;Agronomy;Online;Suburban;Master;20000;Unemployed;5;4;5;5;2.99;0
STUD_342;20;Female;Single;Journalism;Online;Suburban;Bachelor;40422;Unemployed;5;4;5;5;2.92;1
STUD_343;20;Female;Single;Journalism;Online;Urban;Bachelor;78763;Part-time;5;3;5;5;4.33;0
STUD_344;18;Female;Single;Nursing;In-person;Suburban;High School;33280;Part-time;8;7;8;8;2.67;0
STUD_345;18;Male;Single;Social Service;Online;Urban;Bachelor;62161;Part-time;4;3;4;3;2.97;1
STUD_346;20;Male;Single;Technologies;In-person;Urban;High School;78450;Part-time;8;8;8;7;3.13;0
STUD_347;18;Male;Single;Education;In-person;Rural;High School;48852;Employed;7;7;7;6;1.96;0
STUD_348;18;Male;Single;Agronomy;Online;Urban;High School;66461;Unemployed;4;2;4;3;1.42;0
STUD_349;18;Male;Single;Agronomy;Online;Urban;Bachelor;33673;Unemployed;7;7;7;7;4.47;0
STUD_350;19;Male;Single;Social Service;Online;Rural;High School;53004;Unemployed;4;4;4;4;4.18;0
STUD_351;20;Female;Single;Design;Online;Suburban;High School;86528;Unemployed;8;6;8;7;2.48;1
STUD_352;24;Female;Married;Social Service;Online;Urban;Master;65925;Part-time;5;4;5;4;3.05;0
STUD_353;22;Female;Single;Social Service;In-person;Urban;High School;42200;Part-time;6;4;6;5;3.06;0
STUD_354;19;Other;Single;Social Service;Online;Urban;Bachelor;68639;Unemployed;5;5;5;5;4.52;0
STUD_355;19;Male;Married;Journalism;In-person;Suburban;High School;92121;Part-time;8;6;8;8;5;0
STUD_356;18;Female;Single;Technologies;Online;Urban;High School;20000;Part-time;4;3;4;4;2.53;0
STUD_357;19;Male;Single;Nursing;Online;Urban;Bachelor;120275;Unemployed;5;3;5;5;3.64;0
STUD_358;19;Male;Single;Technologies;Online;Rural;High School;49037;Unemployed;8;8;8;8;4.17;0
STUD_359;20;Female;Single;Design;Online;Suburban;Bachelor;77450;Unemployed;7;7;7;7;3.55;0
STUD_360;18;Male;Single;Management;Online;Urban;Bachelor;123062;Unemployed;6;4;6;5;2.59;1
STUD_361;21;Male;Single;Social Service;Online;Suburban;Bachelor;26346;Unemployed;5;4;5;5;3.04;0
STUD_362;25;Female;Divorced;Technologies;Online;Suburban;Bachelor;39200;Part-time;4;2;4;3;3.5;0
STUD_363;19;Male;Single;Design;Online;Urban;High School;50461;Unemployed;7;6;7;7;2.14;1
STUD_364;21;Female;Single;Management;Online;Urban;High School;37490;Unemployed;8;7;8;7;3.1;1
STUD_365;22;Male;Single;Management;Online;Suburban;Bachelor;150000;Employed;6;4;6;6;2.8;0
STUD_366;18;Other;Single;Social Service;Online;Urban;Bachelor;35883;Part-time;4;3;4;3;2.36;1
STUD_367;20;Male;Single;Nursing;Referral;Suburban;Master;42992;Part-time;8;8;8;8;2.45;0
STUD_368;20;Female;Single;Education;Online;Urban;Master;67828;Unemployed;8;6;8;8;3.55;1
STUD_369;20;Male;Single;Journalism;Online;Urban;Master;29167;Unemployed;5;4;5;5;3.93;0
STUD_370;18;Male;Single;Technologies;Online;Urban;Bachelor;47320;Part-time;5;5;5;4;2.92;0
STUD_371;20;Female;Single;Management;Online;Urban;High School;72589;Unemployed;4;2;4;3;2.49;1
STUD_372;21;Male;Single;Technologies;Online;Urban;Bachelor;49137;Unemployed;8;8;8;8;4.33;0
STUD_373;24;Female;Single;Education;Online;Urban;Bachelor;56730;Part-time;5;5;5;5;2.74;0
STUD_374;23;Male;Married;Journalism;Online;Suburban;High School;43673;Part-time;6;6;6;5;2.94;0
STUD_375;27;Female;Married;Education;Online;Rural;Master;24183;Employed;6;5;6;6;3.66;0
STUD_376;18;Female;Single;Journalism;Online;Suburban;Master;72769;Part-time;8;6;8;5;1.86;1
STUD_377;22;Female;Single;Agronomy;Online;Rural;Bachelor;150000;Unemployed;5;3;5;5;3.38;0
STUD_378;20;Male;Single;Journalism;Online;Urban;High School;60666;Unemployed;4;3;4;4;2.16;0
STUD_379;27;Female;Single;Social Service;Referral;Rural;High School;68683;Employed;4;2;4;4;3.35;1
STUD_380;18;Male;Single;Nursing;Online;Urban;Master;90919;Unemployed;4;4;4;4;3.59;0
STUD_381;18;Female;Single;Education;Online;Rural;Master;28015;Unemployed;6;4;6;6;3.02;1
STUD_382;18;Female;Single;Management;Online;Rural;High School;150000;Employed;5;4;5;4;1.84;0
STUD_383;18;Female;Single;Social Service;Online;Suburban;High School;67744;Part-time;5;5;5;3;1.9;0
STUD_384;18;Male;Single;Agronomy;Online;Rural;Master;150000;Part-time;6;5;6;5;2.63;0
STUD_385;18;Female;Single;Nursing;Online;Suburban;High School;38649;Unemployed;4;4;4;4;3.32;1
STUD_386;20;Male;Single;Technologies;Online;Urban;Bachelor;150000;Unemployed;4;4;4;4;3.81;0
STUD_387;21;Male;Married;Social Service;Online;Urban;PhD;95529;Unemployed;8;6;8;5;1.85;0
STUD_388;26;Male;Single;Education;Online;Suburban;High School;83610;Unemployed;7;7;7;6;2.61;0
STUD_389;23;Female;Married;Design;Online;Urban;Bachelor;69045;Unemployed;5;4;5;2;1.98;1
STUD_390;18;Female;Single;Design;Online;Suburban;High School;51688;Part-time;5;3;5;4;2;0
STUD_391;18;Male;Single;Management;Online;Rural;High School;123305;Part-time;5;4;5;5;3.76;0
STUD_392;21;Female;Single;Journalism;Online;Urban;Master;65271;Part-time;7;7;7;6;3.42;1
STUD_393;18;Male;Married;Management;In-person;Suburban;High School;20000;Part-time;8;7;8;7;3.25;0
STUD_394;26;Female;Married;Design;Online;Rural;PhD;30692;Employed;7;6;7;6;1.89;1
STUD_395;23;Male;Married;Technologies;Online;Rural;Bachelor;53669;Unemployed;4;4;4;4;2.23;1
STUD_396;18;Male;Single;Agronomy;Online;Rural;High School;72265;Unemployed;4;2;4;4;3.26;0
STUD_397;18;Other;Single;Agronomy;In-person;Suburban;High School;57997;Unemployed;5;4;5;5;2.94;0
STUD_398;24;Female;Single;Education;Online;Rural;High School;124677;Employed;6;6;6;5;2.66;1
STUD_399;19;Male;Single;Agronomy;Online;Suburban;High School;20000;Employed;5;3;5;5;3.57;1
STUD_400;24;Female;Single;Education;Online;Urban;High School;65398;Unemployed;6;4;6;6;3.88;0
STUD_401;18;Female;Single;Social Service;Online;Urban;High School;20157;Part-time;7;5;7;7;2.08;0
STUD_402;18;Male;Single;Education;Online;Suburban;Bachelor;94648;Part-time;4;3;4;3;2.49;1
STUD_403;20;Male;Single;Social Service;Online;Urban;Bachelor;56694;Unemployed;6;5;6;6;3.18;0
STUD_404;20;Other;Single;Education;In-person;Suburban;Bachelor;77177;Unemployed;7;6;7;5;1.82;1
STUD_405;18;Male;Single;Design;Online;Suburban;Bachelor;35730;Unemployed;4;2;4;3;3.22;1
STUD_406;21;Female;Single;Design;Online;Urban;High School;129285;Employed;6;5;6;3;1.57;0
STUD_407;18;Female;Single;Journalism;Referral;Suburban;High School;112098;Unemployed;5;5;5;5;4.5;0
STUD_408;19;Male;Single;Social Service;Online;Suburban;Bachelor;85154;Part-time;5;4;5;5;3.78;0
STUD_409;20;Female;Single;Nursing;Online;Urban;Bachelor;55513;Unemployed;5;4;5;5;3.03;0
STUD_410;21;Female;Single;Social Service;Online;Urban;High School;84966;Part-time;7;5;7;6;2.78;0
STUD_411;22;Female;Single;Education;Online;Urban;Master;39260;Unemployed;5;4;5;5;3.81;0
STUD_412;18;Female;Single;Education;Online;Urban;Bachelor;100251;Part-time;8;8;8;8;3.41;0
STUD_413;18;Female;Single;Nursing;In-person;Rural;Bachelor;150000;Part-time;4;2;4;4;3.68;0
STUD_414;24;Female;Single;Management;Online;Urban;High School;114058;Employed;7;7;7;6;3.06;1
STUD_415;21;Female;Single;Education;Online;Suburban;Bachelor;38728;Part-time;5;3;5;4;3.03;1
STUD_416;18;Female;Single;Journalism;Online;Urban;Bachelor;74529;Unemployed;4;2;4;4;4.6;1
STUD_417;25;Other;Single;Agronomy;In-person;Urban;Bachelor;27617;Part-time;6;5;6;6;2.48;0
STUD_418;20;Female;Single;Agronomy;Referral;Suburban;Bachelor;84586;Unemployed;5;5;5;5;2.15;0
STUD_419;23;Female;Single;Technologies;In-person;Suburban;Master;78626;Part-time;4;2;4;4;3.91;0
STUD_420;20;Male;Single;Technologies;Online;Urban;Bachelor;20000;Part-time;8;7;8;8;3.09;0
STUD_421;27;Female;Married;Agronomy;Online;Urban;High School;29882;Employed;6;4;6;3;1.73;1
STUD_422;26;Male;Single;Agronomy;Online;Urban;Bachelor;50625;Part-time;8;6;8;8;3.29;0
STUD_423;19;Male;Single;Design;Online;Urban;Bachelor;50090;Employed;4;2;4;2;1.97;1
STUD_424;23;Female;Single;Journalism;Online;Suburban;Bachelor;29039;Unemployed;8;6;8;8;3.03;0
STUD_425;22;Female;Single;Nursing;Online;Urban;High School;75772;Part-time;4;2;4;4;3.61;0
STUD_426;24;Male;Single;Technologies;Online;Urban;High School;69771;Part-time;4;2;4;4;2.5;0
STUD_427;18;Male;Married;Design;Online;Urban;Master;53398;Unemployed;8;7;8;8;3.49;0
STUD_428;22;Female;Single;Design;Online;Rural;Bachelor;38124;Unemployed;4;2;4;3;3.14;1
STUD_429;23;Male;Married;Nursing;Online;Rural;Master;112569;Employed;5;5;5;4;3.1;0
STUD_430;18;Female;Single;Design;Online;Urban;Bachelor;150000;Part-time;4;3;4;3;3.32;0
STUD_431;18;Other;Single;Social Service;Online;Suburban;Bachelor;44889;Part-time;7;7;7;7;3.82;0
STUD_432;18;Female;Single;Journalism;Online;Urban;Bachelor;41556;Employed;4;2;4;3;3.04;0
STUD_433;19;Male;Single;Agronomy;In-person;Urban;Master;80565;Unemployed;7;7;7;7;3.88;1
STUD_434;22;Male;Divorced;Education;Online;Suburban;Bachelor;48401;Unemployed;4;2;4;4;2.79;0
STUD_435;25;Male;Single;Nursing;Online;Rural;Bachelor;55185;Part-time;4;2;4;3;2.9;0
STUD_436;20;Female;Single;Agronomy;Online;Rural;High School;93516;Part-time;8;7;8;8;3.06;0
STUD_437;25;Female;Married;Agronomy;In-person;Suburban;Bachelor;20000;Part-time;5;4;5;4;3.35;0
STUD_438;18;Female;Single;Management;Online;Urban;Bachelor;132333;Unemployed;5;3;5;4;3.09;0
STUD_439;18;Female;Single;Social Service;Online;Suburban;High School;62674;Part-time;6;5;6;6;2.53;0
STUD_440;19;Female;Single;Nursing;Online;Urban;High School;46873;Part-time;8;8;8;7;3.23;0
STUD_441;21;Male;Single;Design;Online;Suburban;High School;56872;Unemployed;8;7;8;8;3.89;0
STUD_442;19;Female;Single;Education;Online;Urban;High School;58662;Part-time;5;4;5;4;2.39;1
STUD_443;18;Female;Single;Nursing;Online;Suburban;High School;21234;Part-time;8;8;8;7;2.2;1
STUD_444;19;Male;Single;Design;In-person;Urban;High School;147128;Part-time;5;4;5;5;3.2;0
STUD_445;18;Male;Single;Agronomy;Online;Urban;Master;61506;Unemployed;8;6;8;8;3.4;0
STUD_446;22;Male;Single;Education;In-person;Rural;Bachelor;78268;Part-time;4;4;4;4;2.33;1
STUD_447;21;Other;Single;Design;Online;Urban;High School;106194;Unemployed;5;3;5;5;3.01;1
STUD_448;18;Female;Single;Journalism;Online;Suburban;High School;32513;Unemployed;5;5;5;5;2.22;1
STUD_449;18;Female;Single;Design;In-person;Urban;Bachelor;79712;Part-time;7;5;7;7;3.02;0
STUD_450;18;Male;Single;Management;Online;Urban;High School;51098;Part-time;8;6;8;8;3.59;0
STUD_451;19;Male;Single;Social Service;Online;Urban;Master;99724;Unemployed;8;7;8;7;3.36;0
STUD_452;23;Female;Single;Agronomy;Online;Urban;Bachelor;20000;Part-time;5;3;5;2;1.25;1
STUD_453;18;Male;Single;Design;Online;Rural;Bachelor;56536;Part-time;4;3;4;3;2.53;0
STUD_454;21;Female;Single;Social Service;Online;Urban;High School;41789;Part-time;4;4;4;4;3.89;0
STUD_455;18;Female;Single;Technologies;Online;Rural;Bachelor;77765;Part-time;4;2;4;4;3.97;1
STUD_456;18;Female;Single;Technologies;Online;Suburban;High School;79548;Part-time;8;6;8;8;2.97;0
STUD_457;19;Male;Single;Social Service;Online;Urban;Master;39242;Part-time;7;7;7;7;4.71;0
STUD_458;18;Male;Single;Social Service;Online;Suburban;Bachelor;39135;Unemployed;5;5;5;5;4.05;0
STUD_459;18;Female;Divorced;Management;Online;Suburban;High School;56145;Unemployed;6;4;6;6;3.11;0
STUD_460;18;Male;Single;Journalism;Online;Suburban;High School;35035;Unemployed;7;7;7;7;3.2;0
STUD_461;26;Female;Single;Agronomy;Online;Urban;High School;99438;Part-time;6;5;6;5;3.16;0
STUD_462;20;Female;Single;Nursing;Online;Urban;Bachelor;48077;Part-time;7;7;7;7;3.64;0
STUD_463;18;Male;Single;Management;Online;Rural;High School;20000;Unemployed;4;4;4;3;2.41;1
STUD_464;20;Male;Single;Journalism;In-person;Rural;Bachelor;47916;Unemployed;8;6;8;7;2.75;0
STUD_465;19;Male;Single;Social Service;Online;Rural;High School;32175;Part-time;6;5;6;5;2.91;1
STUD_466;19;Male;Married;Nursing;Online;Urban;Bachelor;22546;Unemployed;7;7;7;7;3.21;0
STUD_467;21;Male;Single;Social Service;Online;Suburban;Master;28556;Part-time;8;7;8;5;1.49;0
STUD_468;22;Male;Single;Social Service;Online;Urban;Bachelor;64070;Unemployed;6;5;6;5;2.69;1
STUD_469;18;Female;Single;Technologies;Online;Urban;Bachelor;133157;Part-time;5;4;5;4;2.7;0
STUD_470;18;Female;Single;Technologies;In-person;Urban;High School;72403;Part-time;7;5;7;7;3.54;0
STUD_471;19;Female;Single;Nursing;Online;Suburban;High School;41697;Unemployed;5;5;5;4;2.4;1
STUD_472;18;Female;Single;Management;In-person;Urban;Bachelor;78876;Part-time;4;2;4;1;1.36;0
STUD_473;18;Male;Single;Technologies;In-person;Urban;High School;45553;Unemployed;5;5;5;4;1.88;1
STUD_474;24;Female;Single;Agronomy;In-person;Rural;High School;39550;Part-time;5;5;5;4;2.43;1
STUD_475;25;Female;Married;Social Service;In-person;Urban;High School;30015;Part-time;7;5;7;7;4.27;0
STUD_476;19;Female;Single;Education;Online;Urban;High School;20973;Unemployed;4;3;4;3;2.79;0
STUD_477;21;Male;Single;Design;Online;Urban;High School;47483;Part-time;5;4;5;4;3.18;1
STUD_478;20;Female;Single;Nursing;Online;Rural;Master;65968;Part-time;8;8;8;8;2.54;0
STUD_479;30;Male;Single;Nursing;Online;Suburban;High School;56620;Part-time;6;4;6;3;1.53;1
STUD_480;23;Female;Single;Technologies;Online;Urban;Bachelor;46747;Unemployed;5;4;5;5;2.93;0
STUD_481;19;Female;Divorced;Management;Online;Suburban;High School;34018;Part-time;4;3;4;4;2.15;1
STUD_482;18;Male;Single;Social Service;Online;Suburban;Bachelor;86426;Part-time;5;5;5;5;4.9;0
STUD_483;18;Male;Single;Agronomy;Online;Urban;High School;27223;Part-time;6;6;6;5;3.25;0
STUD_484;20;Female;Single;Management;Online;Suburban;Master;95579;Part-time;4;2;4;4;2.8;1
STUD_485;18;Male;Single;Journalism;Online;Suburban;Master;32884;Part-time;7;7;7;7;2.25;1
STUD_486;18;Male;Single;Journalism;Online;Suburban;High School;38201;Unemployed;4;3;4;4;3.93;0
STUD_487;18;Female;Single;Education;In-person;Urban;Master;24885;Part-time;7;6;7;6;2.22;1
STUD_488;18;Male;Single;Technologies;Online;Rural;PhD;44411;Part-time;4;3;4;3;2.27;1
STUD_489;25;Male;Single;Technologies;Online;Suburban;Master;107719;Part-time;6;5;6;5;2.63;1
STUD_490;22;Male;Single;Technologies;Online;Urban;Master;81754;Unemployed;6;4;6;6;2.74;0
STUD_491;19;Male;Single;Education;Online;Urban;High School;107920;Unemployed;4;2;4;4;4.26;0
STUD_492;24;Male;Married;Journalism;Online;Urban;Bachelor;82074;Unemployed;5;5;5;5;3.45;0
STUD_493;20;Male;Single;Management;Online;Urban;High School;30942;Unemployed;6;6;6;5;3.07;1
STUD_494;18;Male;Single;Education;Online;Suburban;High School;49198;Unemployed;7;7;7;7;3.64;0
STUD_495;25;Male;Single;Education;Online;Urban;PhD;37570;Part-time;7;5;7;7;2.99;0
STUD_496;21;Male;Single;Management;Online;Urban;High School;133311;Part-time;8;7;8;8;3.69;0
STUD_497;18;Male;Single;Technologies;Online;Suburban;Bachelor;29261;Unemployed;7;7;7;7;2.7;0
STUD_498;19;Male;Single;Agronomy;Online;Urban;Master;102571;Part-time;8;7;8;7;3.12;1
STUD_499;18;Female;Single;Management;Online;Rural;Master;102526;Unemployed;4;4;4;3;3.47;0
STUD_500;18;Male;Single;Journalism;Online;Urban;PhD;150000;Unemployed;4;4;4;3;3.5;1
