Student_ID,Age,Gender,Marital_Status,Course_Chosen,Application_Mode,Residence_Location,Parental_Education,Parental_Income_Level,Employment_Status,Semester_Enrolled_Units,Semester_Credited_Units,Semester_Evaluated_Units,Semester_Approved_Units,Semester_Average_Grade,Dropout,LR_Risk_Probability
STUD_314,22,Male,Single,Social Service,Online,Suburban,High School,150000,Employed,8,6,8,7,3.21,1,0.12373061279981323
STUD_255,18,Male,Single,Nursing,Online,Urban,High School,72877,Unemployed,4,3,4,3,2.96,0,0.37595224582412484
STUD_139,22,Male,Single,Design,Online,Urban,High School,106188,Unemployed,6,4,6,5,2.58,0,0.3042852455260362
STUD_453,18,Male,Single,Design,Online,Rural,Bachelor,56536,Part-time,4,3,4,3,2.53,0,0.5273157968419947
STUD_12,18,Female,Single,Design,Online,Urban,High School,115461,Part-time,8,7,8,7,2.49,0,0.23519403978762893
STUD_210,30,Female,Divorced,Agronomy,Online,Urban,High School,71288,Employed,7,6,7,6,2.83,1,0.4295534799445416
STUD_256,18,Female,Single,Education,In-person,Suburban,Bachelor,30136,Unemployed,5,4,5,4,3.39,0,0.2422314994606774
STUD_17,18,Female,Single,Technologies,In-person,Urban,High School,65449,Part-time,6,5,6,5,2.68,1,0.22794294466005774
STUD_66,24,Male,Divorced,Journalism,Online,Suburban,Bachelor,45757,Part-time,5,3,5,4,2.8,1,0.46155049926106734
STUD_338,19,Female,Single,Design,Online,Suburban,High School,78561,Part-time,8,6,8,7,3.11,1,0.2194936099108137
STUD_185,19,Female,Single,Design,Online,Suburban,High School,58892,Part-time,5,3,5,4,1.25,1,0.6629286596847183
STUD_461,26,Female,Single,Agronomy,Online,Urban,High School,99438,Part-time,6,5,6,5,3.16,0,0.3577943695445211
STUD_215,19,Male,Single,Journalism,Referral,Urban,High School,24144,Unemployed,8,7,8,8,2.95,0,0.22323173560038226
STUD_350,19,Male,Single,Social Service,Online,Rural,High School,53004,Unemployed,4,4,4,4,4.18,0,0.16342809836438846
STUD_72,25,Female,Single,Agronomy,In-person,Suburban,PhD,37030,Part-time,5,5,5,5,4.28,0,0.15850580566942798
STUD_228,18,Female,Single,Technologies,In-person,Suburban,Bachelor,89616,Unemployed,4,2,4,2,1.68,0,0.45369995971679405
STUD_328,22,Female,Single,Journalism,Online,Suburban,High School,20000,Unemployed,7,7,7,7,4.47,1,0.18902864069584302
STUD_430,18,Female,Single,Design,Online,Urban,Bachelor,150000,Part-time,4,3,4,3,3.32,0,0.2736838247168514
STUD_404,20,Other,Single,Education,In-person,Suburban,Bachelor,77177,Unemployed,7,6,7,5,1.82,1,0.4641055012658223
STUD_21,24,Male,Married,Technologies,Online,Urban,Bachelor,36718,Part-time,8,6,8,8,2.31,0,0.1646078340467849
STUD_299,22,Female,Single,Journalism,Online,Urban,Master,30454,Unemployed,5,3,5,5,4.16,0,0.26931638575506517
STUD_55,23,Female,Single,Education,In-person,Suburban,High School,20000,Part-time,6,6,6,6,2.48,1,0.386319455561853
STUD_381,18,Female,Single,Education,Online,Rural,Master,28015,Unemployed,6,4,6,6,3.02,1,0.30077665280900523
STUD_388,26,Male,Single,Education,Online,Suburban,High School,83610,Unemployed,7,7,7,6,2.61,0,0.42510173568543946
STUD_222,18,Female,Single,Agronomy,Online,Urban,Master,74397,Part-time,5,4,5,4,2.12,1,0.4511713595132481
STUD_19,18,Female,Single,Design,Online,Urban,Master,48593,Part-time,7,7,7,6,2.84,0,0.3698086743319337
STUD_464,20,Male,Single,Journalism,In-person,Rural,Bachelor,47916,Unemployed,8,6,8,7,2.75,0,0.19827090174549322
STUD_252,22,Female,Single,Design,Online,Suburban,High School,45351,Unemployed,6,5,6,5,2.76,1,0.44924303162242185
STUD_257,24,Male,Single,Social Service,Online,Suburban,High School,63147,Unemployed,6,5,6,5,2.05,1,0.39438332121442526
STUD_473,18,Male,Single,Technologies,In-person,Urban,High School,45553,Unemployed,5,5,5,4,1.88,1,0.32889164030870777
STUD_496,21,Male,Single,Management,Online,Urban,High School,133311,Part-time,8,7,8,8,3.69,0,0.09742093574751662
STUD_23,20,Male,Married,Technologies,Online,Suburban,Bachelor,80984,Part-time,5,4,5,5,2.87,1,0.172887687993617
STUD_31,18,Male,Single,Education,Online,Suburban,PhD,150000,Unemployed,8,8,8,7,2.06,0,0.18805541460101013
STUD_209,21,Female,Single,Design,Online,Urban,Bachelor,50495,Part-time,8,8,8,8,2.81,0,0.198717789743236
STUD_178,24,Female,Married,Education,Online,Suburban,Bachelor,35245,Part-time,8,6,8,8,3.7,0,0.14772107673987353
STUD_140,18,Male,Single,Social Service,Online,Urban,High School,48155,Unemployed,5,5,5,4,3.03,1,0.2560346724434186
STUD_75,18,Male,Single,Social Service,Online,Rural,Bachelor,69842,Part-time,8,8,8,8,2.64,0,0.11523601088709619
STUD_70,18,Male,Single,Education,Online,Suburban,High School,87179,Part-time,5,5,5,4,3.13,0,0.37088546877839407
STUD_485,18,Male,Single,Journalism,Online,Suburban,Master,32884,Part-time,7,7,7,7,2.25,1,0.3626347189040407
STUD_295,21,Female,Single,Design,Online,Urban,High School,22229,Unemployed,4,2,4,4,3.66,0,0.30294934919726174
STUD_367,20,Male,Single,Nursing,Referral,Suburban,Master,42992,Part-time,8,8,8,8,2.45,0,0.3117550973532005
STUD_380,18,Male,Single,Nursing,Online,Urban,Master,90919,Unemployed,4,4,4,4,3.59,0,0.2062180501413101
STUD_77,20,Female,Single,Technologies,Online,Urban,Bachelor,58802,Part-time,6,4,6,6,3.61,0,0.12732640940045126
STUD_326,18,Female,Single,Nursing,In-person,Rural,High School,111873,Part-time,7,7,7,7,3.69,0,0.10386856899247442
STUD_163,23,Male,Single,Journalism,In-person,Urban,Bachelor,30920,Unemployed,6,5,6,4,1.88,1,0.582276956569381
STUD_365,22,Male,Single,Management,Online,Suburban,Bachelor,150000,Employed,6,4,6,6,2.8,0,0.2208683001172718
STUD_311,19,Male,Single,Education,In-person,Suburban,Bachelor,20000,Part-time,4,4,4,4,3.32,0,0.24191441594477164
STUD_234,18,Male,Single,Social Service,Online,Urban,Master,57733,Part-time,6,6,6,5,3.36,0,0.21691066641568355
STUD_345,18,Male,Single,Social Service,Online,Urban,Bachelor,62161,Part-time,4,3,4,3,2.97,1,0.27960691791324155
STUD_188,19,Female,Single,Agronomy,In-person,Suburban,Bachelor,40192,Part-time,4,3,4,4,3.76,0,0.1393582464085596
STUD_73,19,Female,Single,Agronomy,Online,Urban,High School,102673,Unemployed,6,4,6,6,4.67,0,0.051740034498190694
STUD_51,20,Female,Single,Management,Online,Urban,High School,76958,Part-time,7,6,7,6,3.17,0,0.3425055007608461
STUD_358,19,Male,Single,Technologies,Online,Rural,High School,49037,Unemployed,8,8,8,8,4.17,0,0.07634436496075431
STUD_214,22,Female,Single,Technologies,Online,Rural,High School,73116,Part-time,4,4,4,3,3.05,0,0.573547688864208
STUD_389,23,Female,Married,Design,Online,Urban,Bachelor,69045,Unemployed,5,4,5,2,1.98,1,0.7625589400913887
STUD_462,20,Female,Single,Nursing,Online,Urban,Bachelor,48077,Part-time,7,7,7,7,3.64,0,0.16474288447409385
STUD_451,19,Male,Single,Social Service,Online,Urban,Master,99724,Unemployed,8,7,8,7,3.36,0,0.09084835476140132
STUD_121,22,Male,Single,Management,Online,Urban,Bachelor,55940,Part-time,6,5,6,5,3.15,1,0.3778028166521627
STUD_203,23,Male,Divorced,Journalism,Online,Suburban,Bachelor,95132,Employed,7,6,7,7,4.57,0,0.09210506095561827
STUD_296,18,Male,Single,Nursing,Online,Urban,Master,33727,Unemployed,5,3,5,4,3.13,0,0.33874796791333034
STUD_329,21,Male,Single,Education,In-person,Rural,High School,45770,Unemployed,5,5,5,4,2.76,0,0.4324838384216734
STUD_471,19,Female,Single,Nursing,Online,Suburban,High School,41697,Unemployed,5,5,5,4,2.4,1,0.5411118543579972
STUD_47,18,Female,Single,Journalism,Referral,Suburban,Master,49070,Unemployed,7,5,7,7,3.86,0,0.18560443482260658
STUD_337,18,Female,Single,Education,In-person,Suburban,Bachelor,67262,Unemployed,5,5,5,4,3.26,0,0.23440164894963292
STUD_136,25,Male,Married,Management,Online,Suburban,High School,150000,Employed,7,5,7,7,2.54,0,0.2573642376321749
STUD_62,19,Male,Single,Social Service,Online,Suburban,Bachelor,150000,Unemployed,8,7,8,7,2.52,0,0.0857140127958755
STUD_86,18,Female,Single,Social Service,Online,Urban,High School,50573,Part-time,6,4,6,6,3.96,0,0.09874755615046188
STUD_359,20,Female,Single,Design,Online,Suburban,Bachelor,77450,Unemployed,7,7,7,7,3.55,0,0.12596554904704915
STUD_319,20,Male,Single,Social Service,Online,Urban,High School,114888,Part-time,6,6,6,6,3.44,0,0.10578632228262529
STUD_193,20,Female,Single,Agronomy,In-person,Suburban,High School,41688,Unemployed,8,7,8,7,1.58,1,0.2574478889525425
STUD_250,21,Female,Single,Journalism,Online,Rural,High School,47411,Part-time,4,4,4,4,4.0,0,0.45817615830177055
STUD_219,18,Male,Single,Social Service,Online,Urban,Bachelor,45802,Unemployed,4,4,4,3,2.15,1,0.3748741243035308
STUD_301,18,Female,Single,Nursing,Online,Urban,High School,149034,Unemployed,4,3,4,4,3.06,0,0.20290095313327233
STUD_351,20,Female,Single,Design,Online,Suburban,High School,86528,Unemployed,8,6,8,7,2.48,1,0.2496151076810668
STUD_270,20,Female,Married,Design,Online,Urban,Master,30894,Part-time,5,5,5,5,2.01,0,0.5076324980353951
STUD_356,18,Female,Single,Technologies,Online,Urban,High School,20000,Part-time,4,3,4,4,2.53,0,0.39691531178673456
STUD_487,18,Female,Single,Education,In-person,Urban,Master,24885,Part-time,7,6,7,6,2.22,1,0.36435652277444597
STUD_206,18,Female,Single,Agronomy,In-person,Suburban,High School,150000,Part-time,4,2,4,2,1.38,1,0.49950473319342964
STUD_411,22,Female,Single,Education,Online,Urban,Master,39260,Unemployed,5,4,5,5,3.81,0,0.28013363716489775
STUD_402,18,Male,Single,Education,Online,Suburban,Bachelor,94648,Part-time,4,3,4,3,2.49,1,0.4337633611726117
STUD_432,18,Female,Single,Journalism,Online,Urban,Bachelor,41556,Employed,4,2,4,3,3.04,0,0.5486235347219407
STUD_49,21,Female,Single,Social Service,Online,Urban,Bachelor,150000,Part-time,7,5,7,6,2.71,0,0.1455113186457959
STUD_99,20,Male,Single,Agronomy,Online,Rural,Master,45634,Part-time,8,6,8,7,2.82,0,0.25881513234618775
STUD_143,18,Male,Single,Design,Online,Urban,High School,150000,Part-time,5,3,5,4,2.13,0,0.3343357221856761
STUD_201,21,Male,Single,Nursing,Online,Suburban,Bachelor,65306,Part-time,5,4,5,4,3.44,0,0.3354072737982488
STUD_82,21,Female,Single,Agronomy,Online,Urban,Master,38336,Part-time,4,4,4,3,3.48,0,0.47304316692610837
STUD_138,19,Male,Single,Journalism,Online,Urban,Bachelor,57808,Part-time,6,6,6,6,3.7,0,0.18318089690063716
STUD_375,27,Female,Married,Education,Online,Rural,Master,24183,Employed,6,5,6,6,3.66,0,0.49476756872644684
STUD_438,18,Female,Single,Management,Online,Urban,Bachelor,132333,Unemployed,5,3,5,4,3.09,0,0.25056962236625213
STUD_224,18,Male,Single,Agronomy,Online,Suburban,Master,94547,Unemployed,6,6,6,6,3.33,0,0.11115865528743195
STUD_364,21,Female,Single,Management,Online,Urban,High School,37490,Unemployed,8,7,8,7,3.1,1,0.313871213500248
STUD_499,18,Female,Single,Management,Online,Rural,Master,102526,Unemployed,4,4,4,3,3.47,0,0.48475457663649657
STUD_429,23,Male,Married,Nursing,Online,Rural,Master,112569,Employed,5,5,5,4,3.1,0,0.5278639064993033
STUD_450,18,Male,Single,Management,Online,Urban,High School,51098,Part-time,8,6,8,8,3.59,0,0.11469550693494718
STUD_56,22,Female,Single,Management,Online,Suburban,PhD,50218,Part-time,8,7,8,8,3.3,0,0.21249142707201948
STUD_258,18,Female,Single,Management,Referral,Urban,Bachelor,20000,Unemployed,5,5,5,5,3.85,0,0.2831594118475241
STUD_133,18,Female,Single,Social Service,In-person,Suburban,High School,58265,Unemployed,6,5,6,5,3.48,0,0.1229270600681357
STUD_111,18,Female,Single,Technologies,Online,Suburban,High School,66996,Unemployed,6,6,6,6,3.84,0,0.11807971040451216
STUD_87,22,Female,Single,Social Service,In-person,Suburban,High School,51451,Part-time,7,7,7,7,3.14,0,0.12831065353586468
STUD_118,18,Female,Single,Design,Online,Urban,High School,36397,Part-time,5,3,5,4,2.26,0,0.5285660892964097
STUD_495,25,Male,Single,Education,Online,Urban,PhD,37570,Part-time,7,5,7,7,2.99,0,0.2559073286685117
STUD_144,20,Female,Single,Journalism,Online,Urban,Bachelor,50904,Unemployed,7,7,7,6,3.11,0,0.3190598983233653
STUD_335,23,Female,Single,Technologies,Online,Urban,Bachelor,20000,Part-time,8,7,8,8,3.75,0,0.123997299696
STUD_254,23,Female,Single,Social Service,Online,Rural,High School,53519,Employed,5,5,5,4,2.81,0,0.5955556919675777
STUD_134,21,Male,Single,Social Service,Online,Suburban,PhD,25822,Part-time,4,4,4,4,2.76,0,0.33335342649494326
STUD_425,22,Female,Single,Nursing,Online,Urban,High School,75772,Part-time,4,2,4,4,3.61,0,0.3118380489736775
STUD_277,20,Female,Single,Nursing,Online,Urban,Bachelor,74132,Part-time,7,6,7,7,3.17,1,0.16499982329659835
STUD_268,18,Female,Married,Journalism,In-person,Urban,High School,52060,Part-time,4,2,4,4,2.45,1,0.32595326599310126
STUD_216,22,Female,Single,Social Service,Online,Rural,Bachelor,94131,Part-time,5,3,5,5,3.39,0,0.18964859427906505
STUD_422,26,Male,Single,Agronomy,Online,Urban,Bachelor,50625,Part-time,8,6,8,8,3.29,0,0.11986064305700608
STUD_3,22,Female,Single,Design,Online,Suburban,High School,58601,Part-time,4,3,4,3,2.67,0,0.6273963445697776
STUD_401,18,Female,Single,Social Service,Online,Urban,High School,20157,Part-time,7,5,7,7,2.08,0,0.21986959024309854
STUD_235,27,Male,Single,Management,Online,Suburban,Bachelor,63395,Employed,6,4,6,6,2.22,1,0.49702289515558157
STUD_475,25,Female,Married,Social Service,In-person,Urban,High School,30015,Part-time,7,5,7,7,4.27,0,0.07187088937212162
STUD_442,19,Female,Single,Education,Online,Urban,High School,58662,Part-time,5,4,5,4,2.39,1,0.5446943292771063
STUD_385,18,Female,Single,Nursing,Online,Suburban,High School,38649,Unemployed,4,4,4,4,3.32,1,0.3308344111028323
STUD_275,18,Other,Single,Management,Online,Urban,High School,124985,Employed,4,4,4,2,1.73,0,0.8307232567244105
STUD_124,18,Female,Single,Management,Online,Suburban,High School,49481,Unemployed,4,3,4,4,2.96,0,0.38594098320401
STUD_164,18,Female,Single,Education,Online,Rural,Bachelor,68488,Employed,5,4,5,5,3.58,0,0.29460986863617505
STUD_119,23,Female,Single,Social Service,Online,Urban,Master,103915,Employed,8,7,8,7,2.7,0,0.27041289529704693
STUD_175,20,Female,Single,Nursing,Online,Suburban,High School,76669,Part-time,5,3,5,5,2.57,0,0.35277039035294555
STUD_76,22,Female,Single,Agronomy,Online,Urban,Master,98155,Unemployed,6,4,6,6,4.08,0,0.0969589740304215
STUD_292,18,Male,Single,Journalism,Online,Suburban,High School,128735,Unemployed,7,6,7,7,2.76,0,0.1417112211596017
STUD_251,18,Female,Single,Nursing,Online,Urban,Master,109102,Part-time,8,8,8,8,3.4,0,0.11899688708681819
STUD_349,18,Male,Single,Agronomy,Online,Urban,Bachelor,33673,Unemployed,7,7,7,7,4.47,0,0.049443912489899905
STUD_483,18,Male,Single,Agronomy,Online,Urban,High School,27223,Part-time,6,6,6,5,3.25,0,0.2717873497131678
STUD_32,26,Female,Married,Nursing,Online,Urban,High School,44296,Part-time,4,3,4,4,2.73,0,0.5449994187459727
STUD_360,18,Male,Single,Management,Online,Urban,Bachelor,123062,Unemployed,6,4,6,5,2.59,1,0.22422859671615267
STUD_20,18,Female,Single,Management,Online,Rural,PhD,150000,Employed,8,6,8,7,1.66,1,0.40087232861109845
STUD_231,18,Female,Married,Management,Online,Rural,Bachelor,38979,Part-time,7,6,7,7,3.85,0,0.1711723697126638
STUD_463,18,Male,Single,Management,Online,Rural,High School,20000,Unemployed,4,4,4,3,2.41,1,0.6742283348068806
STUD_298,20,Female,Single,Nursing,In-person,Suburban,Master,63457,Part-time,4,2,4,4,2.33,0,0.3693133314337522
STUD_226,23,Female,Single,Technologies,Online,Urban,Bachelor,150000,Part-time,5,5,5,4,2.34,1,0.3849260416184773
STUD_342,20,Female,Single,Journalism,Online,Suburban,Bachelor,40422,Unemployed,5,4,5,5,2.92,1,0.3386418100816799
STUD_177,20,Female,Married,Education,Online,Suburban,Bachelor,36277,Unemployed,4,3,4,3,3.43,1,0.39676800513072674
STUD_491,19,Male,Single,Education,Online,Urban,High School,107920,Unemployed,4,2,4,4,4.26,0,0.12320244549980285
STUD_183,18,Female,Single,Technologies,In-person,Suburban,Bachelor,20000,Part-time,4,4,4,4,3.51,0,0.18375038689809162
STUD_260,22,Male,Single,Management,Online,Suburban,High School,22557,Part-time,5,5,5,3,1.53,1,0.8571965136596097
STUD_69,21,Female,Single,Management,Online,Urban,Master,30446,Part-time,6,4,6,5,3.06,0,0.5010930387007866
STUD_184,21,Male,Single,Social Service,Referral,Suburban,PhD,42248,Part-time,6,5,6,6,2.8,0,0.23691267290513354
STUD_374,23,Male,Married,Journalism,Online,Suburban,High School,43673,Part-time,6,6,6,5,2.94,0,0.509158494528334
STUD_217,18,Female,Single,Journalism,Referral,Urban,Bachelor,46741,Employed,4,2,4,4,3.0,1,0.47601540428388006
STUD_384,18,Male,Single,Agronomy,Online,Rural,Master,150000,Part-time,6,5,6,5,2.63,0,0.25189669991692387
STUD_39,18,Female,Married,Agronomy,Online,Urban,Bachelor,38430,Part-time,8,8,8,8,3.14,0,0.09661601046097236
STUD_290,18,Male,Single,Design,In-person,Urban,Master,67642,Part-time,8,8,8,7,2.76,0,0.17416914719334264
STUD_89,18,Female,Single,Agronomy,Referral,Suburban,High School,57817,Unemployed,4,4,4,4,2.98,0,0.3279983083455186
STUD_423,19,Male,Single,Design,Online,Urban,Bachelor,50090,Employed,4,2,4,2,1.97,1,0.7123420498460094
STUD_269,18,Female,Single,Management,Online,Urban,Bachelor,118595,Part-time,7,6,7,6,2.79,0,0.2559075594585813
STUD_368,20,Female,Single,Education,Online,Urban,Master,67828,Unemployed,8,6,8,8,3.55,1,0.11443608364386322
STUD_278,18,Female,Single,Management,In-person,Urban,Bachelor,42611,Unemployed,5,4,5,4,2.76,0,0.31800066061951643
